name,type,D,logMBH,e_logMBH,logsig,logLK,e_logLK,logMbulge,e_logMbulge,logTxc,e_logTxc,logR500,logM500,logLx500,central
N0821,S0/E6,23.4,7.59,0.16,2.32,11.14,0.08,10.98,0.09,-0.7,0.19,2.31,12.384,38.4,isolated
N2787,SB0,7.4,7.61,0.09,2.28,10.21,0.13,9.78,0.09,-0.74,0.31,2.28,12.294,37.97,isolated
N1023,SB0,10.8,7.62,0.05,2.22,10.94,0.07,10.53,0.09,-0.52,0.05,2.4,12.654,38.76,BFG:N1023
N7582,SBab,22.3,7.74,0.2,2.19,11.21,0.32,10.02,0.1,-0.74,0.09,2.28,12.294,39.43,BFG:Grus
N5128,E/S0,3.6,7.76,0.08,2.18,11.04,0.06,11.05,0.09,-0.46,0.06,2.44,12.774,39.86,BFG:CenA
N3031,SAab,3.6,7.81,0.13,2.15,10.93,0.08,10.42,0.09,-0.49,0.09,2.42,12.714,38.62,BFG:M81
N4151,Sab,20.0,7.81,0.08,2.06,10.96,0.13,9.99,0.08,-0.6,0.07,2.36,12.534,39.11,N4258(M106)
N4203,SAB0,14.1,7.82,0.26,2.11,10.76,0.11,10.3,0.14,-0.54,0.13,2.39,12.624,38.74,isolated
N4459,E2,16.0,7.84,0.09,2.2,10.94,0.04,10.88,0.09,-0.42,0.1,2.46,12.834,39.2,N4486/N4472
N4596,SB0,16.5,7.89,0.26,2.1,10.97,0.26,10.2,0.09,-0.68,0.07,2.32,12.414,39.41,N4486/N4472
N3377,E5,11.0,7.89,0.03,2.11,10.52,0.06,10.5,0.09,-0.6,0.1,2.36,12.534,38.04,N3379
N4036,S0,19.0,7.89,0.36,2.26,10.9,0.09,10.14,0.1,-0.34,0.08,2.5,12.954,39.34,N3945
N4258,SABbc,7.3,7.9,0.25,2.06,10.9,0.08,9.86,0.09,-0.64,0.05,2.34,12.474,39.72,BFG:CVnI
N4564,S0,15.9,7.95,0.12,2.19,10.67,0.04,10.38,0.09,-0.42,0.19,2.46,12.834,39.0,N4486/N4472
N4473,E5,15.2,7.95,0.24,2.27,10.89,0.03,10.85,0.09,-0.51,0.06,2.41,12.684,39.08,N4486/N4472
N4278,E1-2,15.0,7.96,0.27,2.33,10.87,0.09,10.9,0.09,-0.52,0.04,2.4,12.654,39.36,N4414
N5018,E3,40.5,8.02,0.08,2.32,11.54,0.09,11.12,0.06,-0.42,0.05,2.46,12.834,39.92,BGG:N5018
N7331,SAb,12.2,8.02,0.18,2.06,11.14,0.1,10.77,0.13,-0.3,0.09,2.52,13.014,38.89,isolated
N3379,E0,10.7,8.04,0.25,2.27,11.01,0.06,10.91,0.09,-0.6,0.05,2.36,12.534,38.63,BFG:N3379
N2110,SAB0,29.1,8.12,0.64,2.3,11.04,0.08,10.65,0.09,-0.47,0.12,2.43,12.744,39.11,isolated
N3607,E1,22.6,8.14,0.16,2.32,11.35,0.07,11.26,0.09,-0.35,0.07,2.5,12.954,41.36,BGG:LeoII
N0224,Sb,0.77,8.15,0.16,2.2,10.69,0.05,10.35,0.09,-0.54,0.05,2.39,12.624,38.3,BFG:LG
N1316,E4,18.6,8.18,0.25,2.35,11.91,0.06,11.74,0.09,-0.17,0.05,2.59,13.224,40.79,BGG:FornaxA
N1667,SABc,56.1,8.2,0.23,2.24,11.32,0.1,9.99,0.09,-0.48,0.08,2.42,12.714,40.15,BFG:N1667
N5576,E3,25.7,8.23,0.09,2.19,11.18,0.06,11.0,0.09,-0.28,0.19,2.53,13.044,38.77,N5566
N1052,E4,18.1,8.24,0.29,2.28,10.92,0.08,10.54,0.09,-0.47,0.05,2.43,12.744,39.58,N0988
N4026,S0,13.4,8.26,0.12,2.19,10.55,0.11,10.33,0.09,-0.55,0.2,2.39,12.624,38.38,N4258(M106)
N3801,S0,46.3,8.28,0.31,2.32,11.22,0.09,10.82,0.09,-0.64,0.19,2.34,12.474,39.15,BFG:N3801
N4697,E5,12.5,8.29,0.04,2.23,11.08,0.05,10.97,0.09,-0.49,0.06,2.42,12.714,39.23,N4594(M104)
N1961,SABb,48.6,8.29,0.34,2.34,11.55,0.05,10.71,0.1,-0.21,0.05,2.57,13.164,41.08,BGG:N1961
N3608,E1,22.8,8.32,0.18,2.23,10.92,0.07,11.01,0.09,-0.4,0.09,2.47,12.864,39.63,N3607(LeoII)
N3998,S0,14.3,8.36,0.43,2.35,10.71,0.07,10.67,0.09,-0.59,0.09,2.37,12.564,40.04,N4258(M106)
N3245,S0,21.4,8.38,0.11,2.25,10.86,0.09,10.69,0.09,-0.52,0.1,2.4,12.654,39.43,BFG:N3245
N3414,S0,25.2,8.4,0.07,2.28,10.99,0.11,11.1,0.08,-0.24,0.16,2.55,13.104,39.23,BFG:N3414
N3862,E,84.6,8.41,0.37,2.32,11.59,0.09,11.62,0.09,-0.19,0.11,2.58,13.194,40.2,N3842
N5845,E3,25.9,8.43,0.22,2.36,10.53,0.13,10.57,0.09,-0.41,0.21,2.46,12.834,38.77,N5846
N3585,E6/S0,20.5,8.52,0.13,2.33,11.42,0.07,11.26,0.09,-0.43,0.1,2.45,12.804,39.32,BFG:N3585
N7626,E,38.1,8.58,0.33,2.37,11.44,0.09,11.48,0.09,-0.16,0.06,2.59,13.224,40.4,N7619(Pegasus)
N4636,E0-1,13.7,8.58,0.22,2.26,11.25,0.09,10.71,0.09,-0.12,0.04,2.61,13.284,41.88,BGG:N4636
N0541,E,63.7,8.59,0.34,2.28,11.36,0.1,11.38,0.13,-0.26,0.06,2.54,13.074,40.63,N0547
N7052,E3,70.4,8.6,0.23,2.42,11.68,0.09,11.61,0.1,-0.25,0.06,2.55,13.104,41.26,isolated
N4621,E5,18.3,8.6,0.09,2.3,11.19,0.12,11.12,0.12,-0.57,0.12,2.38,12.594,40.04,N4486/N4472
N4526,SAB0,16.4,8.65,0.12,2.32,11.22,0.09,11.02,0.09,-0.46,0.06,2.44,12.774,39.92,N4486/N4472
N4342,S0,22.9,8.66,0.19,2.38,10.44,0.05,10.31,0.09,-0.19,0.04,2.58,13.194,39.79,N4486/N4472
N0741,E0,65.7,8.67,0.37,2.37,11.82,0.09,11.86,0.09,0.01,0.04,2.68,13.494,42.23,BGG:N0741
N4552,E0-1,15.3,8.7,0.05,2.35,11.11,0.06,11.42,0.11,-0.23,0.04,2.56,13.134,40.3,N4486/N4472
N4261,E2,32.4,8.72,0.1,2.42,11.6,0.09,11.65,0.09,-0.12,0.04,2.62,13.314,40.88,N4303(M61)
N4291,E2,26.6,8.76,0.23,2.38,10.95,0.13,10.85,0.09,-0.23,0.06,2.56,13.134,40.91,BFG:N4291
N3665,SA0,34.7,8.76,0.09,2.34,11.5,0.15,11.29,0.17,-0.35,0.09,2.5,12.954,40.23,BFG:N3665
N1374,E0,19.2,8.76,0.06,2.31,10.67,0.03,10.63,0.09,-0.32,0.1,2.51,12.984,39.78,N1316(ForA)
N0383,S0,59.2,8.76,0.32,2.38,11.69,0.11,11.74,0.14,-0.09,0.05,2.63,13.344,40.53,N0410
N6251,E1,108.4,8.79,0.16,2.46,11.95,0.07,11.88,0.09,-0.08,0.04,2.64,13.374,42.11,BGG:N6251
N4594,Sa,9.9,8.82,0.05,2.38,11.39,0.08,11.47,0.09,-0.2,0.12,2.57,13.164,40.51,BGG:Sombrero
N1332,E6/S0,22.3,8.83,0.04,2.52,11.31,0.08,11.26,0.09,-0.27,0.04,2.54,13.074,40.8,BGG:N1332
N5813,E1-2,32.2,8.85,0.06,2.32,11.5,0.08,11.77,0.09,-0.15,0.04,2.6,13.254,41.76,N5846
N0315,E/cD,57.7,8.92,0.31,2.49,11.79,0.08,11.87,0.09,-0.12,0.04,2.62,13.314,41.6,BGG:N0315
N5077,E3,38.7,8.93,0.27,2.35,11.26,0.16,11.28,0.09,-0.15,0.07,2.6,13.254,40.6,BFG:N5077
N0524,S0,24.2,8.94,0.05,2.37,11.29,0.08,11.26,0.09,-0.19,0.06,2.58,13.194,40.95,BGG:N0524
N1399,E1,20.9,8.94,0.31,2.53,11.54,0.05,11.5,0.09,0.09,0.04,2.73,13.644,42.52,BCG:Fornax
N3115,S0,9.5,8.95,0.09,2.36,10.98,0.04,10.92,0.09,-0.3,0.05,2.52,13.014,39.7,isolated
IC1459,E4,28.9,8.96,0.43,2.53,11.64,0.11,11.6,0.09,-0.22,0.06,2.56,13.134,41.45,BGG:IC1459
N4374,E1,18.5,8.97,0.05,2.41,11.4,0.03,11.62,0.09,-0.12,0.04,2.62,13.314,40.66,N4486/N4472
N5846,E0-1,24.9,9.04,0.06,2.35,11.46,0.09,11.62,0.16,-0.12,0.05,2.62,13.314,42.08,BGG:N5846
N1277,S0,71.0,9.06,0.11,2.5,11.07,0.08,10.98,0.09,0.01,0.05,2.68,13.494,40.15,N1275(Perseus)
IC4296,E0,49.2,9.11,0.07,2.51,11.83,0.07,11.78,0.09,0.06,0.06,2.71,13.584,42.0,BCG:A3565
N7768,E4,116.0,9.13,0.18,2.42,11.91,0.19,11.75,0.09,-0.05,0.08,2.66,13.434,41.84,BFG:A2666
U12064,E/S0,72.5,9.16,0.52,2.41,11.25,0.17,11.3,0.19,0.0,0.04,2.68,13.494,41.04,BFG:3C449
N6240S,S0/I0,105.0,9.17,0.21,2.44,11.84,0.09,11.35,0.13,-0.06,0.05,2.65,13.404,41.49,isolated
N6861,E4/SA0,27.3,9.3,0.08,2.59,11.14,0.13,11.21,0.09,-0.03,0.04,2.67,13.464,40.74,N6868(Tel.)
N4649,E2,16.5,9.32,0.12,2.43,11.66,0.06,11.64,0.09,-0.04,0.04,2.66,13.434,40.94,N4486/N4472
N7619,E3,51.5,9.34,0.1,2.51,11.61,0.12,11.65,0.09,0.0,0.04,2.68,13.494,42.65,BGG:Pegasus
N4472,E2,17.1,9.4,0.04,2.4,11.75,0.07,11.86,0.09,0.3,0.05,2.84,13.974,43.38,BCG$_1$:Virgo
N3923,E4,20.9,9.45,0.12,2.35,11.5,0.11,11.56,0.09,-0.24,0.04,2.55,13.104,40.92,BGG:N3923
N3091,E3,51.2,9.56,0.07,2.49,11.62,0.12,11.58,0.09,-0.06,0.04,2.65,13.404,42.08,BGG:HCG42
N1550,E1/cD,51.6,9.57,0.07,2.48,11.32,0.1,11.31,0.09,0.14,0.04,2.75,13.704,43.2,BGG:N1550
N6086,E/cD,138.0,9.57,0.17,2.5,11.87,0.08,11.69,0.09,0.18,0.07,2.77,13.764,42.59,BGG:A2162
A1836$_\textrm{B}$,E,152.4,9.57,0.06,2.46,11.75,0.06,11.81,0.1,0.22,0.05,2.8,13.854,42.7,BCG:A1836
N1407,E0,28.0,9.65,0.08,2.45,11.72,0.12,11.71,0.09,0.08,0.06,2.72,13.614,42.08,BGG:Eridanus
N5328,E1,64.1,9.67,0.16,2.52,11.71,0.09,11.75,0.19,-0.02,0.2,2.67,13.464,41.8,BGG:N5328
M1216,E,94.0,9.69,0.16,2.49,11.29,0.09,11.37,0.09,-0.1,0.05,2.63,13.344,41.83,isolated
N4486,E1/cD,16.7,9.81,0.05,2.42,11.61,0.05,11.72,0.09,0.3,0.05,2.84,13.974,43.38,BCG$_2$:Virgo
N5419,E,56.2,9.86,0.14,2.57,12.0,0.09,12.01,0.15,0.32,0.04,2.85,14.004,42.52,BCG:AS753
N3842,E1,92.2,9.96,0.14,2.44,11.81,0.11,11.77,0.09,0.51,0.04,2.95,14.304,44.06,BCG:A1367
N1600,E3,64.0,10.23,0.04,2.47,11.86,0.08,11.92,0.1,0.21,0.09,2.79,13.824,41.52,BGG:N1600
N4889,E4/cD,102.0,10.32,0.44,2.56,12.13,0.05,12.3,0.1,0.86,0.06,3.14,14.874,44.88,BCG:Coma
